<?xml version="1.0" encoding="UTF-8" standalone="yes"?>
<Mendiak>
    <Mendia>
        <Altuera>1034</Altuera>
        <Id>2</Id>
        <Izena>Alluitz</Izena>
        <Probintzia>Bizkaia</Probintzia>
    </Mendia>
    <Mendia>
        <Altuera>1331</Altuera>
        <Id>3</Id>
        <Izena>Anboto</Izena>
        <Probintzia>Bizkaia</Probintzia>
    </Mendia>
    <Mendia>
        <Altuera>1443</Altuera>
        <Id>4</Id>
        <Izena>Aratz</Izena>
        <Probintzia>Araba</Probintzia>
    </Mendia>
    <Mendia>
        <Altuera>556</Altuera>
        <Id>5</Id>
        <Izena>Arrate</Izena>
        <Probintzia>Gipuzkoa</Probintzia>
    </Mendia>
    <Mendia>
        <Altuera>1075</Altuera>
        <Id>6</Id>
        <Izena>Hernio</Izena>
        <Probintzia>Gipuzkoa</Probintzia>
    </Mendia>
    <Mendia>
        <Altuera>1062</Altuera>
        <Id>7</Id>
        <Izena>Ipizte</Izena>
        <Probintzia>Araba</Probintzia>
    </Mendia>
    <Mendia>
        <Altuera>896</Altuera>
        <Id>8</Id>
        <Izena>Jarindo</Izena>
        <Probintzia>Araba</Probintzia>
    </Mendia>
    <Mendia>
        <Altuera>1177</Altuera>
        <Id>9</Id>
        <Izena>Kapildui</Izena>
        <Probintzia>Araba</Probintzia>
    </Mendia>
    <Mendia>
        <Altuera>749</Altuera>
        <Id>10</Id>
        <Izena>Karakate</Izena>
        <Probintzia>Gipuzkoa</Probintzia>
    </Mendia>
    <Mendia>
        <Altuera>1133</Altuera>
        <Id>11</Id>
        <Izena>Kurtzebarri</Izena>
        <Probintzia>Gipuzkoa</Probintzia>
    </Mendia>
    <Mendia>
        <Altuera>1785</Altuera>
        <Id>12</Id>
        <Izena>Lapazarra</Izena>
        <Probintzia>Nafarroa</Probintzia>
    </Mendia>
    <Mendia>
        <Altuera>1166</Altuera>
        <Id>13</Id>
        <Izena>Mirutegi</Izena>
        <Probintzia>Araba</Probintzia>
    </Mendia>
    <Mendia>
        <Altuera>964</Altuera>
        <Id>14</Id>
        <Izena>Mugarra</Izena>
        <Probintzia>Bizkaia</Probintzia>
    </Mendia>
    <Mendia>
        <Altuera>1029</Altuera>
        <Id>15</Id>
        <Izena>Oiz</Izena>
        <Probintzia>Bizkaia</Probintzia>
    </Mendia>
    <Mendia>
        <Altuera>993</Altuera>
        <Id>16</Id>
        <Izena>Soila</Izena>
        <Probintzia>Araba</Probintzia>
    </Mendia>
    <Mendia>
        <Altuera>1263</Altuera>
        <Id>17</Id>
        <Izena>ToloÃ±o</Izena>
        <Probintzia>Araba</Probintzia>
    </Mendia>
    <Mendia>
        <Altuera>1945</Altuera>
        <Id>18</Id>
        <Izena>Txamantxoia</Izena>
        <Probintzia>Nafarroa</Probintzia>
    </Mendia>
</Mendiak>
