{"Info":[{"ikaslea":"alvarez.josu","batazbestekoa":8.105952380952381},{"ikaslea":"arizmendiarrieta.maider","batazbestekoa":8.105952380952381},{"ikaslea":"arrizabalaga.ignacio","batazbestekoa":8.105952380952381},{"ikaslea":"azpiazu.ander","batazbestekoa":8.105952380952381},{"ikaslea":"barragan.asier","batazbestekoa":8.105952380952381},{"ikaslea":"bilbao.koldo","batazbestekoa":8.105952380952381},{"ikaslea":"delaflor.josu","batazbestekoa":8.105952380952381},{"ikaslea":"escabias.yeray","batazbestekoa":8.105952380952381},{"ikaslea":"farinas.iker","batazbestekoa":8.105952380952381},{"ikaslea":"garcia.aner","batazbestekoa":8.10595238095238},{"ikaslea":"hayat.jehangir","batazbestekoa":8.10595238095238},{"ikaslea":"hidalgo.sandra","batazbestekoa":8.10595238095238},{"ikaslea":"letamendia.oier","batazbestekoa":8.105952380952377},{"ikaslea":"martinez.mikel","batazbestekoa":8.105952380952377},{"ikaslea":"medialdea.aimar","batazbestekoa":8.105952380952377},{"ikaslea":"murua.edurne","batazbestekoa":8.105952380952377},{"ikaslea":"perez.ibai","batazbestekoa":8.105952380952377},{"ikaslea":"quintairos.xabier","batazbestekoa":8.105952380952377},{"ikaslea":"rodriguez.aner","batazbestekoa":8.105952380952377},{"ikaslea":"urkullu.oier","batazbestekoa":8.105952380952377},{"ikaslea":"vieira.asier","batazbestekoa":8.105952380952377},{"ikaslea":"alvarez.josu","batazbestekoa":8.105952380952377},{"ikaslea":"arizmendiarrieta.maider","batazbestekoa":8.105952380952377},{"ikaslea":"arrizabalaga.ignacio","batazbestekoa":8.105952380952377},{"ikaslea":"azpiazu.ander","batazbestekoa":8.105952380952377},{"ikaslea":"barragan.asier","batazbestekoa":8.105952380952377},{"ikaslea":"bilbao.koldo","batazbestekoa":8.10595238095238},{"ikaslea":"delaflor.josu","batazbestekoa":8.10595238095238},{"ikaslea":"escabias.yeray","batazbestekoa":8.105952380952381},{"ikaslea":"farinas.iker","batazbestekoa":8.105952380952381},{"ikaslea":"garcia.aner","batazbestekoa":8.105952380952381},{"ikaslea":"hayat.jehangir","batazbestekoa":8.105952380952383},{"ikaslea":"hidalgo.sandra","batazbestekoa":8.105952380952383},{"ikaslea":"letamendia.oier","batazbestekoa":8.105952380952383},{"ikaslea":"martinez.mikel","batazbestekoa":8.105952380952383},{"ikaslea":"medialdea.aimar","batazbestekoa":8.105952380952385},{"ikaslea":"murua.edurne","batazbestekoa":8.105952380952385},{"ikaslea":"perez.ibai","batazbestekoa":8.105952380952385},{"ikaslea":"quintairos.xabier","batazbestekoa":8.105952380952385},{"ikaslea":"rodriguez.aner","batazbestekoa":8.105952380952385},{"ikaslea":"urkullu.oier","batazbestekoa":8.105952380952386},{"ikaslea":"vieira.asier","batazbestekoa":8.105952380952386},{"ikaslea":"alvarez.josu","batazbestekoa":8.105952380952386},{"ikaslea":"arizmendiarrieta.maider","batazbestekoa":8.105952380952386},{"ikaslea":"arrizabalaga.ignacio","batazbestekoa":8.105952380952386},{"ikaslea":"azpiazu.ander","batazbestekoa":8.105952380952386},{"ikaslea":"barragan.asier","batazbestekoa":8.105952380952386},{"ikaslea":"bilbao.koldo","batazbestekoa":8.105952380952388},{"ikaslea":"delaflor.josu","batazbestekoa":8.105952380952388},{"ikaslea":"escabias.yeray","batazbestekoa":8.105952380952388},{"ikaslea":"farinas.iker","batazbestekoa":8.105952380952388},{"ikaslea":"garcia.aner","batazbestekoa":8.105952380952388},{"ikaslea":"hayat.jehangir","batazbestekoa":8.105952380952388},{"ikaslea":"hidalgo.sandra","batazbestekoa":8.105952380952388},{"ikaslea":"letamendia.oier","batazbestekoa":8.105952380952388},{"ikaslea":"martinez.mikel","batazbestekoa":8.105952380952388},{"ikaslea":"medialdea.aimar","batazbestekoa":8.10595238095239},{"ikaslea":"murua.edurne","batazbestekoa":8.10595238095239},{"ikaslea":"perez.ibai","batazbestekoa":8.10595238095239},{"ikaslea":"quintairos.xabier","batazbestekoa":8.10595238095239},{"ikaslea":"rodriguez.aner","batazbestekoa":8.10595238095239},{"ikaslea":"urkullu.oier","batazbestekoa":8.10595238095239},{"ikaslea":"vieira.asier","batazbestekoa":8.10595238095239},{"ikaslea":"alvarez.josu","batazbestekoa":8.10595238095239},{"ikaslea":"arizmendiarrieta.maider","batazbestekoa":8.10595238095239},{"ikaslea":"arrizabalaga.ignacio","batazbestekoa":8.10595238095239},{"ikaslea":"azpiazu.ander","batazbestekoa":8.10595238095239},{"ikaslea":"barragan.asier","batazbestekoa":8.10595238095239},{"ikaslea":"bilbao.koldo","batazbestekoa":8.10595238095239},{"ikaslea":"delaflor.josu","batazbestekoa":8.105952380952392},{"ikaslea":"escabias.yeray","batazbestekoa":8.105952380952392},{"ikaslea":"farinas.iker","batazbestekoa":8.105952380952392},{"ikaslea":"garcia.aner","batazbestekoa":8.105952380952392},{"ikaslea":"hayat.jehangir","batazbestekoa":8.105952380952392},{"ikaslea":"hidalgo.sandra","batazbestekoa":8.105952380952392},{"ikaslea":"letamendia.oier","batazbestekoa":8.105952380952392},{"ikaslea":"martinez.mikel","batazbestekoa":8.105952380952392},{"ikaslea":"medialdea.aimar","batazbestekoa":8.105952380952392},{"ikaslea":"murua.edurne","batazbestekoa":8.105952380952392},{"ikaslea":"perez.ibai","batazbestekoa":8.105952380952392},{"ikaslea":"quintairos.xabier","batazbestekoa":8.105952380952392},{"ikaslea":"rodriguez.aner","batazbestekoa":8.105952380952392},{"ikaslea":"urkullu.oier","batazbestekoa":8.105952380952392},{"ikaslea":"vieira.asier","batazbestekoa":8.105952380952392}]}