ID,IKASLEA,DATA,IKASGAIA,NOTA
1,alvarez.josu,2024-02-28,program,8.4
2,arizmendiarrieta.maider,2024-02-28,program,9.5
3,arrizabalaga.ignacio,2024-02-28,program,9
4,azpiazu.ander,2024-02-28,program,8.5
5,barragan.asier,2024-02-28,program,8
6,bilbao.koldo,2024-02-28,program,7.5
7,delaflor.josu,2024-02-28,program,7
8,escabias.yeray,2024-02-28,program,6.5
9,farinas.iker,2024-02-28,program,6
10,garcia.aner,2024-02-28,program,5.5
11,hayat.jehangir,2024-02-28,program,5
12,hidalgo.sandra,2024-02-28,program,5.5
13,letamendia.oier,2024-02-28,program,6
14,martinez.mikel,2024-02-28,program,6.5
15,medialdea.aimar,2024-02-28,program,7
16,murua.edurne,2024-02-28,program,7.5
17,perez.ibai,2024-02-28,program,8
18,quintairos.xabier,2024-11-14,program,8.5
19,rodriguez.aner,2024-11-14,program,9
20,urkullu.oier,2024-11-14,program,9.5
21,vieira.asier,2024-11-14,program,10
22,alvarez.josu,2024-06-05,program,8
23,arizmendiarrieta.maider,2024-06-05,program,8
24,arrizabalaga.ignacio,2024-06-05,program,8
25,azpiazu.ander,2024-06-05,program,8
26,barragan.asier,2024-06-05,program,8
27,bilbao.koldo,2024-06-05,program,8
28,delaflor.josu,2024-06-05,program,8
29,escabias.yeray,2024-06-05,program,8
30,farinas.iker,2024-06-05,program,8
31,garcia.aner,2024-06-05,program,8
32,hayat.jehangir,2024-06-05,program,8
33,hidalgo.sandra,2024-06-05,program,8
34,letamendia.oier,2024-06-05,program,8
35,martinez.mikel,2024-06-05,program,8
36,medialdea.aimar,2024-06-05,program,8
37,murua.edurne,2024-06-05,program,8
38,perez.ibai,2024-06-05,program,8
39,quintairos.xabier,2024-06-05,program,8
40,rodriguez.aner,2024-06-05,program,8
41,urkullu.oier,2024-06-05,program,8
42,vieira.asier,2024-06-05,program,8
43,alvarez.josu,2024-10-19,multimedia,5
44,arizmendiarrieta.maider,2024-10-19,multimedia,5.5
45,arrizabalaga.ignacio,2024-10-19,multimedia,6
46,azpiazu.ander,2024-10-19,multimedia,6.5
47,barragan.asier,2024-10-19,multimedia,7
48,bilbao.koldo,2024-10-19,multimedia,7.5
49,delaflor.josu,2024-10-19,multimedia,8
50,escabias.yeray,2024-10-19,multimedia,8.5
51,farinas.iker,2024-10-19,multimedia,9
52,garcia.aner,2024-10-19,multimedia,9.5
53,hayat.jehangir,2024-10-19,multimedia,10
54,hidalgo.sandra,2024-10-19,multimedia,9.5
55,letamendia.oier,2024-10-19,multimedia,9
56,martinez.mikel,2024-10-19,multimedia,8.5
57,medialdea.aimar,2024-10-19,multimedia,8
58,murua.edurne,2024-10-19,multimedia,7.5
59,perez.ibai,2024-10-19,multimedia,7
60,quintairos.xabier,2024-10-19,multimedia,6.5
61,rodriguez.aner,2024-10-19,multimedia,6
62,urkullu.oier,2024-10-19,multimedia,5.5
63,vieira.asier,2024-10-19,multimedia,5
64,alvarez.josu,2024-11-14,da,9.5
65,arizmendiarrieta.maider,2024-11-14,da,9.5
66,arrizabalaga.ignacio,2024-11-14,da,9.5
67,azpiazu.ander,2024-11-14,da,9.5
68,barragan.asier,2024-11-14,da,9.5
69,bilbao.koldo,2024-11-14,da,9.5
70,delaflor.josu,2024-11-14,da,9.5
71,escabias.yeray,2024-11-14,da,9.5
72,farinas.iker,2024-11-14,da,9.5
73,garcia.aner,2024-11-14,da,9.5
74,hayat.jehangir,2024-11-14,da,9.5
75,hidalgo.sandra,2024-11-14,da,9.5
76,letamendia.oier,2024-11-14,da,9.5
77,martinez.mikel,2024-11-14,da,9.5
78,medialdea.aimar,2024-11-14,da,9.5
79,murua.edurne,2024-11-14,da,9.5
80,perez.ibai,2024-11-14,da,9.5
81,quintairos.xabier,2024-11-14,da,9.5
82,rodriguez.aner,2024-11-14,da,9.5
83,urkullu.oier,2024-11-14,da,9.5
84,vieira.asier,2024-11-14,da,9.5
