<?xml version="1.0" encoding="UTF-8" standalone="yes"?>
<Nota>
    <Notak>
        <Data>2024-02-28</Data>
        <Id>1</Id>
        <Ikasgaia>program</Ikasgaia>
        <Ikaslea>alvarez.josu</Ikaslea>
        <Nota>9.4</Nota>
    </Notak>
    <Notak>
        <Data>2024-02-28</Data>
        <Id>2</Id>
        <Ikasgaia>program</Ikasgaia>
        <Ikaslea>arizmendiarrieta.maider</Ikaslea>
        <Nota>10.0</Nota>
    </Notak>
    <Notak>
        <Data>2024-02-28</Data>
        <Id>3</Id>
        <Ikasgaia>program</Ikasgaia>
        <Ikaslea>arrizabalaga.ignacio</Ikaslea>
        <Nota>10.0</Nota>
    </Notak>
    <Notak>
        <Data>2024-02-28</Data>
        <Id>4</Id>
        <Ikasgaia>program</Ikasgaia>
        <Ikaslea>azpiazu.ander</Ikaslea>
        <Nota>9.5</Nota>
    </Notak>
    <Notak>
        <Data>2024-02-28</Data>
        <Id>5</Id>
        <Ikasgaia>program</Ikasgaia>
        <Ikaslea>barragan.asier</Ikaslea>
        <Nota>9.0</Nota>
    </Notak>
    <Notak>
        <Data>2024-02-28</Data>
        <Id>6</Id>
        <Ikasgaia>program</Ikasgaia>
        <Ikaslea>bilbao.koldo</Ikaslea>
        <Nota>8.5</Nota>
    </Notak>
    <Notak>
        <Data>2024-02-28</Data>
        <Id>7</Id>
        <Ikasgaia>program</Ikasgaia>
        <Ikaslea>delaflor.josu</Ikaslea>
        <Nota>8.0</Nota>
    </Notak>
    <Notak>
        <Data>2024-02-28</Data>
        <Id>8</Id>
        <Ikasgaia>program</Ikasgaia>
        <Ikaslea>escabias.yeray</Ikaslea>
        <Nota>7.5</Nota>
    </Notak>
    <Notak>
        <Data>2024-02-28</Data>
        <Id>9</Id>
        <Ikasgaia>program</Ikasgaia>
        <Ikaslea>farinas.iker</Ikaslea>
        <Nota>7.0</Nota>
    </Notak>
    <Notak>
        <Data>2024-02-28</Data>
        <Id>10</Id>
        <Ikasgaia>program</Ikasgaia>
        <Ikaslea>garcia.aner</Ikaslea>
        <Nota>6.5</Nota>
    </Notak>
    <Notak>
        <Data>2024-02-28</Data>
        <Id>11</Id>
        <Ikasgaia>program</Ikasgaia>
        <Ikaslea>hayat.jehangir</Ikaslea>
        <Nota>6.0</Nota>
    </Notak>
    <Notak>
        <Data>2024-02-28</Data>
        <Id>12</Id>
        <Ikasgaia>program</Ikasgaia>
        <Ikaslea>hidalgo.sandra</Ikaslea>
        <Nota>6.5</Nota>
    </Notak>
    <Notak>
        <Data>2024-02-28</Data>
        <Id>13</Id>
        <Ikasgaia>program</Ikasgaia>
        <Ikaslea>letamendia.oier</Ikaslea>
        <Nota>7.0</Nota>
    </Notak>
    <Notak>
        <Data>2024-02-28</Data>
        <Id>14</Id>
        <Ikasgaia>program</Ikasgaia>
        <Ikaslea>martinez.mikel</Ikaslea>
        <Nota>7.5</Nota>
    </Notak>
    <Notak>
        <Data>2024-02-28</Data>
        <Id>15</Id>
        <Ikasgaia>program</Ikasgaia>
        <Ikaslea>medialdea.aimar</Ikaslea>
        <Nota>8.0</Nota>
    </Notak>
    <Notak>
        <Data>2024-02-28</Data>
        <Id>16</Id>
        <Ikasgaia>program</Ikasgaia>
        <Ikaslea>murua.edurne</Ikaslea>
        <Nota>8.5</Nota>
    </Notak>
    <Notak>
        <Data>2024-02-28</Data>
        <Id>17</Id>
        <Ikasgaia>program</Ikasgaia>
        <Ikaslea>perez.ibai</Ikaslea>
        <Nota>9.0</Nota>
    </Notak>
    <Notak>
        <Data>2024-11-14</Data>
        <Id>18</Id>
        <Ikasgaia>program</Ikasgaia>
        <Ikaslea>quintairos.xabier</Ikaslea>
        <Nota>9.5</Nota>
    </Notak>
    <Notak>
        <Data>2024-11-14</Data>
        <Id>19</Id>
        <Ikasgaia>program</Ikasgaia>
        <Ikaslea>rodriguez.aner</Ikaslea>
        <Nota>10.0</Nota>
    </Notak>
    <Notak>
        <Data>2024-11-14</Data>
        <Id>20</Id>
        <Ikasgaia>program</Ikasgaia>
        <Ikaslea>urkullu.oier</Ikaslea>
        <Nota>10.0</Nota>
    </Notak>
    <Notak>
        <Data>2024-11-14</Data>
        <Id>21</Id>
        <Ikasgaia>program</Ikasgaia>
        <Ikaslea>vieira.asier</Ikaslea>
        <Nota>10.0</Nota>
    </Notak>
    <Notak>
        <Data>2024-06-05</Data>
        <Id>22</Id>
        <Ikasgaia>program</Ikasgaia>
        <Ikaslea>alvarez.josu</Ikaslea>
        <Nota>9.0</Nota>
    </Notak>
    <Notak>
        <Data>2024-06-05</Data>
        <Id>23</Id>
        <Ikasgaia>program</Ikasgaia>
        <Ikaslea>arizmendiarrieta.maider</Ikaslea>
        <Nota>9.0</Nota>
    </Notak>
    <Notak>
        <Data>2024-06-05</Data>
        <Id>24</Id>
        <Ikasgaia>program</Ikasgaia>
        <Ikaslea>arrizabalaga.ignacio</Ikaslea>
        <Nota>9.0</Nota>
    </Notak>
    <Notak>
        <Data>2024-06-05</Data>
        <Id>25</Id>
        <Ikasgaia>program</Ikasgaia>
        <Ikaslea>azpiazu.ander</Ikaslea>
        <Nota>9.0</Nota>
    </Notak>
    <Notak>
        <Data>2024-06-05</Data>
        <Id>26</Id>
        <Ikasgaia>program</Ikasgaia>
        <Ikaslea>barragan.asier</Ikaslea>
        <Nota>9.0</Nota>
    </Notak>
    <Notak>
        <Data>2024-06-05</Data>
        <Id>27</Id>
        <Ikasgaia>program</Ikasgaia>
        <Ikaslea>bilbao.koldo</Ikaslea>
        <Nota>9.0</Nota>
    </Notak>
    <Notak>
        <Data>2024-06-05</Data>
        <Id>28</Id>
        <Ikasgaia>program</Ikasgaia>
        <Ikaslea>delaflor.josu</Ikaslea>
        <Nota>9.0</Nota>
    </Notak>
    <Notak>
        <Data>2024-06-05</Data>
        <Id>29</Id>
        <Ikasgaia>program</Ikasgaia>
        <Ikaslea>escabias.yeray</Ikaslea>
        <Nota>9.0</Nota>
    </Notak>
    <Notak>
        <Data>2024-06-05</Data>
        <Id>30</Id>
        <Ikasgaia>program</Ikasgaia>
        <Ikaslea>farinas.iker</Ikaslea>
        <Nota>9.0</Nota>
    </Notak>
    <Notak>
        <Data>2024-06-05</Data>
        <Id>31</Id>
        <Ikasgaia>program</Ikasgaia>
        <Ikaslea>garcia.aner</Ikaslea>
        <Nota>9.0</Nota>
    </Notak>
    <Notak>
        <Data>2024-06-05</Data>
        <Id>32</Id>
        <Ikasgaia>program</Ikasgaia>
        <Ikaslea>hayat.jehangir</Ikaslea>
        <Nota>9.0</Nota>
    </Notak>
    <Notak>
        <Data>2024-06-05</Data>
        <Id>33</Id>
        <Ikasgaia>program</Ikasgaia>
        <Ikaslea>hidalgo.sandra</Ikaslea>
        <Nota>9.0</Nota>
    </Notak>
    <Notak>
        <Data>2024-06-05</Data>
        <Id>34</Id>
        <Ikasgaia>program</Ikasgaia>
        <Ikaslea>letamendia.oier</Ikaslea>
        <Nota>9.0</Nota>
    </Notak>
    <Notak>
        <Data>2024-06-05</Data>
        <Id>35</Id>
        <Ikasgaia>program</Ikasgaia>
        <Ikaslea>martinez.mikel</Ikaslea>
        <Nota>9.0</Nota>
    </Notak>
    <Notak>
        <Data>2024-06-05</Data>
        <Id>36</Id>
        <Ikasgaia>program</Ikasgaia>
        <Ikaslea>medialdea.aimar</Ikaslea>
        <Nota>9.0</Nota>
    </Notak>
    <Notak>
        <Data>2024-06-05</Data>
        <Id>37</Id>
        <Ikasgaia>program</Ikasgaia>
        <Ikaslea>murua.edurne</Ikaslea>
        <Nota>9.0</Nota>
    </Notak>
    <Notak>
        <Data>2024-06-05</Data>
        <Id>38</Id>
        <Ikasgaia>program</Ikasgaia>
        <Ikaslea>perez.ibai</Ikaslea>
        <Nota>9.0</Nota>
    </Notak>
    <Notak>
        <Data>2024-06-05</Data>
        <Id>39</Id>
        <Ikasgaia>program</Ikasgaia>
        <Ikaslea>quintairos.xabier</Ikaslea>
        <Nota>9.0</Nota>
    </Notak>
    <Notak>
        <Data>2024-06-05</Data>
        <Id>40</Id>
        <Ikasgaia>program</Ikasgaia>
        <Ikaslea>rodriguez.aner</Ikaslea>
        <Nota>9.0</Nota>
    </Notak>
    <Notak>
        <Data>2024-06-05</Data>
        <Id>41</Id>
        <Ikasgaia>program</Ikasgaia>
        <Ikaslea>urkullu.oier</Ikaslea>
        <Nota>9.0</Nota>
    </Notak>
    <Notak>
        <Data>2024-06-05</Data>
        <Id>42</Id>
        <Ikasgaia>program</Ikasgaia>
        <Ikaslea>vieira.asier</Ikaslea>
        <Nota>9.0</Nota>
    </Notak>
    <Notak>
        <Data>2024-10-19</Data>
        <Id>43</Id>
        <Ikasgaia>multimedia</Ikasgaia>
        <Ikaslea>alvarez.josu</Ikaslea>
        <Nota>6.0</Nota>
    </Notak>
    <Notak>
        <Data>2024-10-19</Data>
        <Id>44</Id>
        <Ikasgaia>multimedia</Ikasgaia>
        <Ikaslea>arizmendiarrieta.maider</Ikaslea>
        <Nota>6.5</Nota>
    </Notak>
    <Notak>
        <Data>2024-10-19</Data>
        <Id>45</Id>
        <Ikasgaia>multimedia</Ikasgaia>
        <Ikaslea>arrizabalaga.ignacio</Ikaslea>
        <Nota>7.0</Nota>
    </Notak>
    <Notak>
        <Data>2024-10-19</Data>
        <Id>46</Id>
        <Ikasgaia>multimedia</Ikasgaia>
        <Ikaslea>azpiazu.ander</Ikaslea>
        <Nota>7.5</Nota>
    </Notak>
    <Notak>
        <Data>2024-10-19</Data>
        <Id>47</Id>
        <Ikasgaia>multimedia</Ikasgaia>
        <Ikaslea>barragan.asier</Ikaslea>
        <Nota>8.0</Nota>
    </Notak>
    <Notak>
        <Data>2024-10-19</Data>
        <Id>48</Id>
        <Ikasgaia>multimedia</Ikasgaia>
        <Ikaslea>bilbao.koldo</Ikaslea>
        <Nota>8.5</Nota>
    </Notak>
    <Notak>
        <Data>2024-10-19</Data>
        <Id>49</Id>
        <Ikasgaia>multimedia</Ikasgaia>
        <Ikaslea>delaflor.josu</Ikaslea>
        <Nota>9.0</Nota>
    </Notak>
    <Notak>
        <Data>2024-10-19</Data>
        <Id>50</Id>
        <Ikasgaia>multimedia</Ikasgaia>
        <Ikaslea>escabias.yeray</Ikaslea>
        <Nota>9.5</Nota>
    </Notak>
    <Notak>
        <Data>2024-10-19</Data>
        <Id>51</Id>
        <Ikasgaia>multimedia</Ikasgaia>
        <Ikaslea>farinas.iker</Ikaslea>
        <Nota>10.0</Nota>
    </Notak>
    <Notak>
        <Data>2024-10-19</Data>
        <Id>52</Id>
        <Ikasgaia>multimedia</Ikasgaia>
        <Ikaslea>garcia.aner</Ikaslea>
        <Nota>10.0</Nota>
    </Notak>
    <Notak>
        <Data>2024-10-19</Data>
        <Id>53</Id>
        <Ikasgaia>multimedia</Ikasgaia>
        <Ikaslea>hayat.jehangir</Ikaslea>
        <Nota>10.0</Nota>
    </Notak>
    <Notak>
        <Data>2024-10-19</Data>
        <Id>54</Id>
        <Ikasgaia>multimedia</Ikasgaia>
        <Ikaslea>hidalgo.sandra</Ikaslea>
        <Nota>10.0</Nota>
    </Notak>
    <Notak>
        <Data>2024-10-19</Data>
        <Id>55</Id>
        <Ikasgaia>multimedia</Ikasgaia>
        <Ikaslea>letamendia.oier</Ikaslea>
        <Nota>10.0</Nota>
    </Notak>
    <Notak>
        <Data>2024-10-19</Data>
        <Id>56</Id>
        <Ikasgaia>multimedia</Ikasgaia>
        <Ikaslea>martinez.mikel</Ikaslea>
        <Nota>9.5</Nota>
    </Notak>
    <Notak>
        <Data>2024-10-19</Data>
        <Id>57</Id>
        <Ikasgaia>multimedia</Ikasgaia>
        <Ikaslea>medialdea.aimar</Ikaslea>
        <Nota>9.0</Nota>
    </Notak>
    <Notak>
        <Data>2024-10-19</Data>
        <Id>58</Id>
        <Ikasgaia>multimedia</Ikasgaia>
        <Ikaslea>murua.edurne</Ikaslea>
        <Nota>8.5</Nota>
    </Notak>
    <Notak>
        <Data>2024-10-19</Data>
        <Id>59</Id>
        <Ikasgaia>multimedia</Ikasgaia>
        <Ikaslea>perez.ibai</Ikaslea>
        <Nota>8.0</Nota>
    </Notak>
    <Notak>
        <Data>2024-10-19</Data>
        <Id>60</Id>
        <Ikasgaia>multimedia</Ikasgaia>
        <Ikaslea>quintairos.xabier</Ikaslea>
        <Nota>7.5</Nota>
    </Notak>
    <Notak>
        <Data>2024-10-19</Data>
        <Id>61</Id>
        <Ikasgaia>multimedia</Ikasgaia>
        <Ikaslea>rodriguez.aner</Ikaslea>
        <Nota>7.0</Nota>
    </Notak>
    <Notak>
        <Data>2024-10-19</Data>
        <Id>62</Id>
        <Ikasgaia>multimedia</Ikasgaia>
        <Ikaslea>urkullu.oier</Ikaslea>
        <Nota>6.5</Nota>
    </Notak>
    <Notak>
        <Data>2024-10-19</Data>
        <Id>63</Id>
        <Ikasgaia>multimedia</Ikasgaia>
        <Ikaslea>vieira.asier</Ikaslea>
        <Nota>6.0</Nota>
    </Notak>
    <Notak>
        <Data>2024-11-14</Data>
        <Id>64</Id>
        <Ikasgaia>da</Ikasgaia>
        <Ikaslea>alvarez.josu</Ikaslea>
        <Nota>10.0</Nota>
    </Notak>
    <Notak>
        <Data>2024-11-14</Data>
        <Id>65</Id>
        <Ikasgaia>da</Ikasgaia>
        <Ikaslea>arizmendiarrieta.maider</Ikaslea>
        <Nota>10.0</Nota>
    </Notak>
    <Notak>
        <Data>2024-11-14</Data>
        <Id>66</Id>
        <Ikasgaia>da</Ikasgaia>
        <Ikaslea>arrizabalaga.ignacio</Ikaslea>
        <Nota>10.0</Nota>
    </Notak>
    <Notak>
        <Data>2024-11-14</Data>
        <Id>67</Id>
        <Ikasgaia>da</Ikasgaia>
        <Ikaslea>azpiazu.ander</Ikaslea>
        <Nota>10.0</Nota>
    </Notak>
    <Notak>
        <Data>2024-11-14</Data>
        <Id>68</Id>
        <Ikasgaia>da</Ikasgaia>
        <Ikaslea>barragan.asier</Ikaslea>
        <Nota>10.0</Nota>
    </Notak>
    <Notak>
        <Data>2024-11-14</Data>
        <Id>69</Id>
        <Ikasgaia>da</Ikasgaia>
        <Ikaslea>bilbao.koldo</Ikaslea>
        <Nota>10.0</Nota>
    </Notak>
    <Notak>
        <Data>2024-11-14</Data>
        <Id>70</Id>
        <Ikasgaia>da</Ikasgaia>
        <Ikaslea>delaflor.josu</Ikaslea>
        <Nota>10.0</Nota>
    </Notak>
    <Notak>
        <Data>2024-11-14</Data>
        <Id>71</Id>
        <Ikasgaia>da</Ikasgaia>
        <Ikaslea>escabias.yeray</Ikaslea>
        <Nota>10.0</Nota>
    </Notak>
    <Notak>
        <Data>2024-11-14</Data>
        <Id>72</Id>
        <Ikasgaia>da</Ikasgaia>
        <Ikaslea>farinas.iker</Ikaslea>
        <Nota>10.0</Nota>
    </Notak>
    <Notak>
        <Data>2024-11-14</Data>
        <Id>73</Id>
        <Ikasgaia>da</Ikasgaia>
        <Ikaslea>garcia.aner</Ikaslea>
        <Nota>10.0</Nota>
    </Notak>
    <Notak>
        <Data>2024-11-14</Data>
        <Id>74</Id>
        <Ikasgaia>da</Ikasgaia>
        <Ikaslea>hayat.jehangir</Ikaslea>
        <Nota>10.0</Nota>
    </Notak>
    <Notak>
        <Data>2024-11-14</Data>
        <Id>75</Id>
        <Ikasgaia>da</Ikasgaia>
        <Ikaslea>hidalgo.sandra</Ikaslea>
        <Nota>10.0</Nota>
    </Notak>
    <Notak>
        <Data>2024-11-14</Data>
        <Id>76</Id>
        <Ikasgaia>da</Ikasgaia>
        <Ikaslea>letamendia.oier</Ikaslea>
        <Nota>10.0</Nota>
    </Notak>
    <Notak>
        <Data>2024-11-14</Data>
        <Id>77</Id>
        <Ikasgaia>da</Ikasgaia>
        <Ikaslea>martinez.mikel</Ikaslea>
        <Nota>10.0</Nota>
    </Notak>
    <Notak>
        <Data>2024-11-14</Data>
        <Id>78</Id>
        <Ikasgaia>da</Ikasgaia>
        <Ikaslea>medialdea.aimar</Ikaslea>
        <Nota>10.0</Nota>
    </Notak>
    <Notak>
        <Data>2024-11-14</Data>
        <Id>79</Id>
        <Ikasgaia>da</Ikasgaia>
        <Ikaslea>murua.edurne</Ikaslea>
        <Nota>10.0</Nota>
    </Notak>
    <Notak>
        <Data>2024-11-14</Data>
        <Id>80</Id>
        <Ikasgaia>da</Ikasgaia>
        <Ikaslea>perez.ibai</Ikaslea>
        <Nota>10.0</Nota>
    </Notak>
    <Notak>
        <Data>2024-11-14</Data>
        <Id>81</Id>
        <Ikasgaia>da</Ikasgaia>
        <Ikaslea>quintairos.xabier</Ikaslea>
        <Nota>10.0</Nota>
    </Notak>
    <Notak>
        <Data>2024-11-14</Data>
        <Id>82</Id>
        <Ikasgaia>da</Ikasgaia>
        <Ikaslea>rodriguez.aner</Ikaslea>
        <Nota>10.0</Nota>
    </Notak>
    <Notak>
        <Data>2024-11-14</Data>
        <Id>83</Id>
        <Ikasgaia>da</Ikasgaia>
        <Ikaslea>urkullu.oier</Ikaslea>
        <Nota>10.0</Nota>
    </Notak>
    <Notak>
        <Data>2024-11-14</Data>
        <Id>84</Id>
        <Ikasgaia>da</Ikasgaia>
        <Ikaslea>vieira.asier</Ikaslea>
        <Nota>10.0</Nota>
    </Notak>
</Nota>
