[{"id":1,"ikaslea":"alvarez.josu","data":"2024-02-28","ikasgaia":"program","nota":8.4},{"id":2,"ikaslea":"arizmendiarrieta.maider","data":"2024-02-28","ikasgaia":"program","nota":9.5},{"id":3,"ikaslea":"arrizabalaga.ignacio","data":"2024-02-28","ikasgaia":"program","nota":9.0},{"id":4,"ikaslea":"azpiazu.ander","data":"2024-02-28","ikasgaia":"program","nota":8.5},{"id":5,"ikaslea":"barragan.asier","data":"2024-02-28","ikasgaia":"program","nota":8.0},{"id":6,"ikaslea":"bilbao.koldo","data":"2024-02-28","ikasgaia":"program","nota":7.5},{"id":7,"ikaslea":"delaflor.josu","data":"2024-02-28","ikasgaia":"program","nota":7.0},{"id":8,"ikaslea":"escabias.yeray","data":"2024-02-28","ikasgaia":"program","nota":6.5},{"id":9,"ikaslea":"farinas.iker","data":"2024-02-28","ikasgaia":"program","nota":6.0},{"id":10,"ikaslea":"garcia.aner","data":"2024-02-28","ikasgaia":"program","nota":5.5},{"id":11,"ikaslea":"hayat.jehangir","data":"2024-02-28","ikasgaia":"program","nota":5.0},{"id":12,"ikaslea":"hidalgo.sandra","data":"2024-02-28","ikasgaia":"program","nota":5.5},{"id":13,"ikaslea":"letamendia.oier","data":"2024-02-28","ikasgaia":"program","nota":6.0},{"id":14,"ikaslea":"martinez.mikel","data":"2024-02-28","ikasgaia":"program","nota":6.5},{"id":15,"ikaslea":"medialdea.aimar","data":"2024-02-28","ikasgaia":"program","nota":7.0},{"id":16,"ikaslea":"murua.edurne","data":"2024-02-28","ikasgaia":"program","nota":7.5},{"id":17,"ikaslea":"perez.ibai","data":"2024-02-28","ikasgaia":"program","nota":8.0},{"id":18,"ikaslea":"quintairos.xabier","data":"2024-11-14","ikasgaia":"program","nota":8.5},{"id":19,"ikaslea":"rodriguez.aner","data":"2024-11-14","ikasgaia":"program","nota":9.0},{"id":20,"ikaslea":"urkullu.oier","data":"2024-11-14","ikasgaia":"program","nota":9.5},{"id":21,"ikaslea":"vieira.asier","data":"2024-11-14","ikasgaia":"program","nota":10.0},{"id":22,"ikaslea":"alvarez.josu","data":"2024-06-05","ikasgaia":"program","nota":8.0},{"id":23,"ikaslea":"arizmendiarrieta.maider","data":"2024-06-05","ikasgaia":"program","nota":8.0},{"id":24,"ikaslea":"arrizabalaga.ignacio","data":"2024-06-05","ikasgaia":"program","nota":8.0},{"id":25,"ikaslea":"azpiazu.ander","data":"2024-06-05","ikasgaia":"program","nota":8.0},{"id":26,"ikaslea":"barragan.asier","data":"2024-06-05","ikasgaia":"program","nota":8.0},{"id":27,"ikaslea":"bilbao.koldo","data":"2024-06-05","ikasgaia":"program","nota":8.0},{"id":28,"ikaslea":"delaflor.josu","data":"2024-06-05","ikasgaia":"program","nota":8.0},{"id":29,"ikaslea":"escabias.yeray","data":"2024-06-05","ikasgaia":"program","nota":8.0},{"id":30,"ikaslea":"farinas.iker","data":"2024-06-05","ikasgaia":"program","nota":8.0},{"id":31,"ikaslea":"garcia.aner","data":"2024-06-05","ikasgaia":"program","nota":8.0},{"id":32,"ikaslea":"hayat.jehangir","data":"2024-06-05","ikasgaia":"program","nota":8.0},{"id":33,"ikaslea":"hidalgo.sandra","data":"2024-06-05","ikasgaia":"program","nota":8.0},{"id":34,"ikaslea":"letamendia.oier","data":"2024-06-05","ikasgaia":"program","nota":8.0},{"id":35,"ikaslea":"martinez.mikel","data":"2024-06-05","ikasgaia":"program","nota":8.0},{"id":36,"ikaslea":"medialdea.aimar","data":"2024-06-05","ikasgaia":"program","nota":8.0},{"id":37,"ikaslea":"murua.edurne","data":"2024-06-05","ikasgaia":"program","nota":8.0},{"id":38,"ikaslea":"perez.ibai","data":"2024-06-05","ikasgaia":"program","nota":8.0},{"id":39,"ikaslea":"quintairos.xabier","data":"2024-06-05","ikasgaia":"program","nota":8.0},{"id":40,"ikaslea":"rodriguez.aner","data":"2024-06-05","ikasgaia":"program","nota":8.0},{"id":41,"ikaslea":"urkullu.oier","data":"2024-06-05","ikasgaia":"program","nota":8.0},{"id":42,"ikaslea":"vieira.asier","data":"2024-06-05","ikasgaia":"program","nota":8.0},{"id":43,"ikaslea":"alvarez.josu","data":"2024-10-19","ikasgaia":"multimedia","nota":5.0},{"id":44,"ikaslea":"arizmendiarrieta.maider","data":"2024-10-19","ikasgaia":"multimedia","nota":5.5},{"id":45,"ikaslea":"arrizabalaga.ignacio","data":"2024-10-19","ikasgaia":"multimedia","nota":6.0},{"id":46,"ikaslea":"azpiazu.ander","data":"2024-10-19","ikasgaia":"multimedia","nota":6.5},{"id":47,"ikaslea":"barragan.asier","data":"2024-10-19","ikasgaia":"multimedia","nota":7.0},{"id":48,"ikaslea":"bilbao.koldo","data":"2024-10-19","ikasgaia":"multimedia","nota":7.5},{"id":49,"ikaslea":"delaflor.josu","data":"2024-10-19","ikasgaia":"multimedia","nota":8.0},{"id":50,"ikaslea":"escabias.yeray","data":"2024-10-19","ikasgaia":"multimedia","nota":8.5},{"id":51,"ikaslea":"farinas.iker","data":"2024-10-19","ikasgaia":"multimedia","nota":9.0},{"id":52,"ikaslea":"garcia.aner","data":"2024-10-19","ikasgaia":"multimedia","nota":9.5},{"id":53,"ikaslea":"hayat.jehangir","data":"2024-10-19","ikasgaia":"multimedia","nota":10.0},{"id":54,"ikaslea":"hidalgo.sandra","data":"2024-10-19","ikasgaia":"multimedia","nota":9.5},{"id":55,"ikaslea":"letamendia.oier","data":"2024-10-19","ikasgaia":"multimedia","nota":9.0},{"id":56,"ikaslea":"martinez.mikel","data":"2024-10-19","ikasgaia":"multimedia","nota":8.5},{"id":57,"ikaslea":"medialdea.aimar","data":"2024-10-19","ikasgaia":"multimedia","nota":8.0},{"id":58,"ikaslea":"murua.edurne","data":"2024-10-19","ikasgaia":"multimedia","nota":7.5},{"id":59,"ikaslea":"perez.ibai","data":"2024-10-19","ikasgaia":"multimedia","nota":7.0},{"id":60,"ikaslea":"quintairos.xabier","data":"2024-10-19","ikasgaia":"multimedia","nota":6.5},{"id":61,"ikaslea":"rodriguez.aner","data":"2024-10-19","ikasgaia":"multimedia","nota":6.0},{"id":62,"ikaslea":"urkullu.oier","data":"2024-10-19","ikasgaia":"multimedia","nota":5.5},{"id":63,"ikaslea":"vieira.asier","data":"2024-10-19","ikasgaia":"multimedia","nota":5.0},{"id":64,"ikaslea":"alvarez.josu","data":"2024-11-14","ikasgaia":"da","nota":9.5},{"id":65,"ikaslea":"arizmendiarrieta.maider","data":"2024-11-14","ikasgaia":"da","nota":9.5},{"id":66,"ikaslea":"arrizabalaga.ignacio","data":"2024-11-14","ikasgaia":"da","nota":9.5},{"id":67,"ikaslea":"azpiazu.ander","data":"2024-11-14","ikasgaia":"da","nota":9.5},{"id":68,"ikaslea":"barragan.asier","data":"2024-11-14","ikasgaia":"da","nota":9.5},{"id":69,"ikaslea":"bilbao.koldo","data":"2024-11-14","ikasgaia":"da","nota":9.5},{"id":70,"ikaslea":"delaflor.josu","data":"2024-11-14","ikasgaia":"da","nota":9.5},{"id":71,"ikaslea":"escabias.yeray","data":"2024-11-14","ikasgaia":"da","nota":9.5},{"id":72,"ikaslea":"farinas.iker","data":"2024-11-14","ikasgaia":"da","nota":9.5},{"id":73,"ikaslea":"garcia.aner","data":"2024-11-14","ikasgaia":"da","nota":9.5},{"id":74,"ikaslea":"hayat.jehangir","data":"2024-11-14","ikasgaia":"da","nota":9.5},{"id":75,"ikaslea":"hidalgo.sandra","data":"2024-11-14","ikasgaia":"da","nota":9.5},{"id":76,"ikaslea":"letamendia.oier","data":"2024-11-14","ikasgaia":"da","nota":9.5},{"id":77,"ikaslea":"martinez.mikel","data":"2024-11-14","ikasgaia":"da","nota":9.5},{"id":78,"ikaslea":"medialdea.aimar","data":"2024-11-14","ikasgaia":"da","nota":9.5},{"id":79,"ikaslea":"murua.edurne","data":"2024-11-14","ikasgaia":"da","nota":9.5},{"id":80,"ikaslea":"perez.ibai","data":"2024-11-14","ikasgaia":"da","nota":9.5},{"id":81,"ikaslea":"quintairos.xabier","data":"2024-11-14","ikasgaia":"da","nota":9.5},{"id":82,"ikaslea":"rodriguez.aner","data":"2024-11-14","ikasgaia":"da","nota":9.5},{"id":83,"ikaslea":"urkullu.oier","data":"2024-11-14","ikasgaia":"da","nota":9.5},{"id":84,"ikaslea":"vieira.asier","data":"2024-11-14","ikasgaia":"da","nota":9.5}]