{"mendiak":[{"Id":2,"Izena":"Alluitz","Altuera":1034,"Probintzia":"Bizkaia"},{"Id":3,"Izena":"Anboto","Altuera":1331,"Probintzia":"Bizkaia"},{"Id":4,"Izena":"Aratz","Altuera":1443,"Probintzia":"Araba"},{"Id":5,"Izena":"Arrate","Altuera":556,"Probintzia":"Gipuzkoa"},{"Id":6,"Izena":"Hernio","Altuera":1075,"Probintzia":"Gipuzkoa"},{"Id":7,"Izena":"Ipizte","Altuera":1062,"Probintzia":"Araba"},{"Id":8,"Izena":"Jarindo","Altuera":896,"Probintzia":"Araba"},{"Id":9,"Izena":"Kapildui","Altuera":1177,"Probintzia":"Araba"},{"Id":10,"Izena":"Karakate","Altuera":749,"Probintzia":"Gipuzkoa"},{"Id":11,"Izena":"Kurtzebarri","Altuera":1133,"Probintzia":"Gipuzkoa"},{"Id":12,"Izena":"Lapazarra","Altuera":1785,"Probintzia":"Nafarroa"},{"Id":13,"Izena":"Mirutegi","Altuera":1166,"Probintzia":"Araba"},{"Id":14,"Izena":"Mugarra","Altuera":964,"Probintzia":"Bizkaia"},{"Id":15,"Izena":"Oiz","Altuera":1029,"Probintzia":"Bizkaia"},{"Id":16,"Izena":"Soila","Altuera":993,"Probintzia":"Araba"},{"Id":17,"Izena":"ToloÃ±o","Altuera":1263,"Probintzia":"Araba"},{"Id":18,"Izena":"Txamantxoia","Altuera":1945,"Probintzia":"Nafarroa"}]}